{
  "categories": [
    {
      "id": "race_results",
      "name": "Race Results",
      "description": "Templates for sharing race results on social media and website",
      "templates": [
        {
          "id": "race_results_facebook",
          "name": "Race Results - Facebook",
          "description": "Template for posting race results on Facebook",
          "platform": "Facebook",
          "width": 1200,
          "height": 630,
          "thumbnail": "/assets/images/templates/race_results_facebook.jpg",
          "elements": [
            {
              "type": "background",
              "color": "#000000"
            },
            {
              "type": "shape",
              "shape": "rect",
              "left": 0,
              "top": 0,
              "width": 1200,
              "height": 100,
              "fill": "#D12026",
              "id": "header_bg"
            },
            {
              "type": "text",
              "text": "RACE RESULTS",
              "left": 600,
              "top": 50,
              "fontFamily": "Racing Sans One",
              "fontSize": 60,
              "color": "#FFFFFF",
              "textAlign": "center",
              "id": "header_text"
            },
            {
              "type": "text",
              "text": "April 15, 2025",
              "left": 600,
              "top": 130,
              "fontFamily": "Oswald",
              "fontSize": 36,
              "color": "#FFFFFF",
              "textAlign": "center",
              "id": "date_text"
            },
            {
              "type": "shape",
              "shape": "rect",
              "left": 150,
              "top": 200,
              "width": 900,
              "height": 300,
              "fill": "#FFFFFF",
              "opacity": 0.9,
              "rx": 10,
              "ry": 10,
              "id": "results_bg"
            },
            {
              "type": "text",
              "text": "LATE MODEL DIVISION",
              "left": 600,
              "top": 230,
              "fontFamily": "Racing Sans One",
              "fontSize": 40,
              "color": "#D12026",
              "textAlign": "center",
              "id": "division_text"
            },
            {
              "type": "text",
              "text": "1st Place: John Smith #42",
              "left": 600,
              "top": 300,
              "fontFamily": "Oswald",
              "fontSize": 32,
              "color": "#000000",
              "textAlign": "center",
              "id": "first_place"
            },
            {
              "type": "text",
              "text": "2nd Place: Mike Johnson #17",
              "left": 600,
              "top": 350,
              "fontFamily": "Oswald",
              "fontSize": 32,
              "color": "#000000",
              "textAlign": "center",
              "id": "second_place"
            },
            {
              "type": "text",
              "text": "3rd Place: Sarah Williams #88",
              "left": 600,
              "top": 400,
              "fontFamily": "Oswald",
              "fontSize": 32,
              "color": "#000000",
              "textAlign": "center",
              "id": "third_place"
            },
            {
              "type": "shape",
              "shape": "rect",
              "left": 0,
              "top": 530,
              "width": 1200,
              "height": 100,
              "fill": "#D12026",
              "id": "footer_bg"
            },
            {
              "type": "text",
              "text": "HALVERSON SPEEDWAY",
              "left": 600,
              "top": 580,
              "fontFamily": "Racing Sans One",
              "fontSize": 48,
              "color": "#FFFFFF",
              "textAlign": "center",
              "id": "footer_text"
            }
          ]
        },
        {
          "id": "race_results_instagram",
          "name": "Race Results - Instagram",
          "description": "Template for posting race results on Instagram",
          "platform": "Instagram",
          "width": 1080,
          "height": 1080,
          "thumbnail": "/assets/images/templates/race_results_instagram.jpg",
          "elements": [
            {
              "type": "background",
              "color": "#000000"
            },
            {
              "type": "shape",
              "shape": "rect",
              "left": 0,
              "top": 0,
              "width": 1080,
              "height": 120,
              "fill": "#D12026",
              "id": "header_bg"
            },
            {
              "type": "text",
              "text": "RACE RESULTS",
              "left": 540,
              "top": 60,
              "fontFamily": "Racing Sans One",
              "fontSize": 60,
              "color": "#FFFFFF",
              "textAlign": "center",
              "id": "header_text"
            },
            {
              "type": "text",
              "text": "April 15, 2025",
              "left": 540,
              "top": 160,
              "fontFamily": "Oswald",
              "fontSize": 36,
              "color": "#FFFFFF",
              "textAlign": "center",
              "id": "date_text"
            },
            {
              "type": "shape",
              "shape": "rect",
              "left": 90,
              "top": 220,
              "width": 900,
              "height": 700,
              "fill": "#FFFFFF",
              "opacity": 0.9,
              "rx": 10,
              "ry": 10,
              "id": "results_bg"
            },
            {
              "type": "text",
              "text": "LATE MODEL DIVISION",
              "left": 540,
              "top": 270,
              "fontFamily": "Racing Sans One",
              "fontSize": 40,
              "color": "#D12026",
              "textAlign": "center",
              "id": "division_text"
            },
            {
              "type": "text",
              "text": "1st Place: John Smith #42",
              "left": 540,
              "top": 350,
              "fontFamily": "Oswald",
              "fontSize": 32,
              "color": "#000000",
              "textAlign": "center",
              "id": "first_place"
            },
            {
              "type": "text",
              "text": "2nd Place: Mike Johnson #17",
              "left": 540,
              "top": 420,
              "fontFamily": "Oswald",
              "fontSize": 32,
              "color": "#000000",
              "textAlign": "center",
              "id": "second_place"
            },
            {
              "type": "text",
              "text": "3rd Place: Sarah Williams #88",
              "left": 540,
              "top": 490,
              "fontFamily": "Oswald",
              "fontSize": 32,
              "color": "#000000",
              "textAlign": "center",
              "id": "third_place"
            },
            {
              "type": "text",
              "text": "4th Place: David Brown #23",
              "left": 540,
              "top": 560,
              "fontFamily": "Oswald",
              "fontSize": 32,
              "color": "#000000",
              "textAlign": "center",
              "id": "fourth_place"
            },
            {
              "type": "text",
              "text": "5th Place: Lisa Garcia #55",
              "left": 540,
              "top": 630,
              "fontFamily": "Oswald",
              "fontSize": 32,
              "color": "#000000",
              "textAlign": "center",
              "id": "fifth_place"
            },
            {
              "type": "shape",
              "shape": "rect",
              "left": 0,
              "top": 960,
              "width": 1080,
              "height": 120,
              "fill": "#D12026",
              "id": "footer_bg"
            },
            {
              "type": "text",
              "text": "HALVERSON SPEEDWAY",
              "left": 540,
              "top": 1020,
              "fontFamily": "Racing Sans One",
              "fontSize": 48,
              "color": "#FFFFFF",
              "textAlign": "center",
              "id": "footer_text"
            }
          ]
        }
      ]
    },
    {
      "id": "bus_races",
      "name": "Bus Races",
      "description": "Templates for promoting the Bus Races special event",
      "templates": [
        {
          "id": "bus_races_facebook",
          "name": "Bus Races - Facebook",
          "description": "Template for promoting Bus Races on Facebook",
          "platform": "Facebook",
          "width": 1200,
          "height": 630,
          "thumbnail": "/assets/images/templates/bus_races_facebook.jpg",
          "elements": [
            {
              "type": "background",
              "color": "#FFDD00"
            },
            {
              "type": "shape",
              "shape": "rect",
              "left": 0,
              "top": 0,
              "width": 1200,
              "height": 120,
              "fill": "#D12026",
              "id": "header_bg"
            },
            {
              "type": "text",
              "text": "SPECIAL EVENT",
              "left": 600,
              "top": 60,
              "fontFamily": "Racing Sans One",
              "fontSize": 60,
              "color": "#FFFFFF",
              "textAlign": "center",
              "id": "header_text"
            },
            {
              "type": "text",
              "text": "BUS RACES",
              "left": 600,
              "top": 200,
              "fontFamily": "Racing Sans One",
              "fontSize": 100,
              "color": "#000000",
              "textAlign": "center",
              "bold": true,
              "id": "event_title"
            },
            {
              "type": "text",
              "text": "SATURDAY, JUNE 15, 2025",
              "left": 600,
              "top": 320,
              "fontFamily": "Oswald",
              "fontSize": 48,
              "color": "#D12026",
              "textAlign": "center",
              "bold": true,
              "id": "event_date"
            },
            {
              "type": "text",
              "text": "Gates Open: 5:00 PM | Racing Starts: 7:00 PM",
              "left": 600,
              "top": 380,
              "fontFamily": "Oswald",
              "fontSize": 32,
              "color": "#000000",
              "textAlign": "center",
              "id": "event_time"
            },
            {
              "type": "text",
              "text": "Adults: $15 | Kids (12 & under): $5",
              "left": 600,
              "top": 440,
              "fontFamily": "Oswald",
              "fontSize": 32,
              "color": "#000000",
              "textAlign": "center",
              "id": "ticket_prices"
            },
            {
              "type": "shape",
              "shape": "rect",
              "left": 0,
              "top": 510,
              "width": 1200,
              "height": 120,
              "fill": "#D12026",
              "id": "footer_bg"
            },
            {
              "type": "text",
              "text": "HALVERSON SPEEDWAY",
              "left": 600,
              "top": 570,
              "fontFamily": "Racing Sans One",
              "fontSize": 48,
              "color": "#FFFFFF",
              "textAlign": "center",
              "id": "footer_text"
            }
          ]
        }
      ]
    },
    {
      "id": "silver_1000",
      "name": "Silver 1000",
      "description": "Templates for promoting the Silver 1000 championship event",
      "templates": [
        {
          "id": "silver_1000_facebook",
          "name": "Silver 1000 - Facebook",
          "description": "Template for promoting Silver 1000 on Facebook",
          "platform": "Facebook",
          "width": 1200,
          "height": 630,
          "thumbnail": "/assets/images/templates/silver_1000_facebook.jpg",
          "elements": [
            {
              "type": "background",
              "color": "#000000"
            },
            {
              "type": "shape",
              "shape": "rect",
              "left": 0,
              "top": 0,
              "width": 1200,
              "height": 120,
              "fill": "#D12026",
              "id": "header_bg"
            },
            {
              "type": "text",
              "text": "CHAMPIONSHIP EVENT",
              "left": 600,
              "top": 60,
              "fontFamily": "Racing Sans One",
              "fontSize": 60,
              "color": "#FFFFFF",
              "textAlign": "center",
              "id": "header_text"
            },
            {
              "type": "text",
              "text": "SILVER 1000",
              "left": 600,
              "top": 200,
              "fontFamily": "Racing Sans One",
              "fontSize": 100,
              "color": "#FFFFFF",
              "textAlign": "center",
              "bold": true,
              "id": "event_title"
            },
            {
              "type": "text",
              "text": "SATURDAY, OCTOBER 10, 2025",
              "left": 600,
              "top": 320,
              "fontFamily": "Oswald",
              "fontSize": 48,
              "color": "#FFDD00",
              "textAlign": "center",
              "bold": true,
              "id": "event_date"
            },
            {
              "type": "text",
              "text": "$10,000 TO WIN",
              "left": 600,
              "top": 380,
              "fontFamily": "Racing Sans One",
              "fontSize": 64,
              "color": "#FFFFFF",
              "textAlign": "center",
              "id": "prize_money"
            },
            {
              "type": "text",
              "text": "The Biggest Race of the Year!",
              "left": 600,
              "top": 460,
              "fontFamily": "Oswald",
              "fontSize": 36,
              "color": "#FFDD00",
              "textAlign": "center",
              "italic": true,
              "id": "tagline"
            },
            {
              "type": "shape",
              "shape": "rect",
              "left": 0,
              "top": 510,
              "width": 1200,
              "height": 120,
              "fill": "#D12026",
              "id": "footer_bg"
            },
            {
              "type": "text",
              "text": "HALVERSON SPEEDWAY",
              "left": 600,
              "top": 570,
              "fontFamily": "Racing Sans One",
              "fontSize": 48,
              "color": "#FFFFFF",
              "textAlign": "center",
              "id": "footer_text"
            }
          ]
        }
      ]
    }
  ]
}
